Date,Open,High,Low,Close,Adj Close,Volume
2023-06-13,25902.94,26376.35,25728.37,25918.73,25918.73,14143474486.00
2023-06-14,25920.26,26041.80,24902.15,25124.68,25124.68,14265717766.00
2023-06-15,25121.67,25735.31,24797.17,25576.39,25576.39,15837384409.00
2023-06-16,25575.28,26463.17,25245.36,26327.46,26327.46,16324646965.00
2023-06-17,26328.68,26769.39,26174.49,26510.68,26510.68,11090276850.00
2023-06-18,26510.46,26675.93,26325.89,26336.21,26336.21,9565695129.00
2023-06-19,26335.44,26984.61,26312.83,26851.03,26851.03,12826986222.00
2023-06-20,26841.66,28388.97,26668.79,28327.49,28327.49,22211859147.00
2023-06-21,28311.31,30737.33,28283.41,30027.30,30027.30,33346760979.00
2023-06-22,29995.94,30496.00,29679.16,29912.28,29912.28,20653160491.00
2023-06-23,29896.38,31389.54,29845.21,30695.47,30695.47,24115570085.00
2023-06-24,30708.74,30804.15,30290.15,30548.70,30548.70,12147822496.00
2023-06-25,30545.15,31041.27,30327.94,30480.26,30480.26,12703464114.00
2023-06-26,30480.52,30636.03,29955.74,30271.13,30271.13,16493186997.00
2023-06-27,30274.32,31006.79,30236.65,30688.16,30688.16,16428827944.00
2023-06-28,30696.56,30703.28,29921.82,30086.25,30086.25,14571500779.00
2023-06-29,30086.19,30796.25,30057.20,30445.35,30445.35,13180860821.00
2023-06-30,30441.35,31256.86,29600.28,30477.25,30477.25,26387306197.00
2023-07-01,30471.85,30641.29,30328.87,30590.08,30590.08,9086606733.00
2023-07-02,30587.27,30766.14,30264.02,30620.77,30620.77,10533418042.00
2023-07-03,30624.52,31375.61,30586.51,31156.44,31156.44,15271884873.00
2023-07-04,31156.87,31325.20,30659.36,30777.58,30777.58,12810828427.00
2023-07-05,30778.72,30877.33,30225.61,30514.17,30514.17,12481622280.00
2023-07-06,30507.15,31460.05,29892.23,29909.34,29909.34,21129219509.00
2023-07-07,29908.00,30434.64,29777.29,30342.27,30342.27,13384770155.00
2023-07-08,30346.92,30374.44,30080.16,30292.54,30292.54,7509378699.00
2023-07-09,30291.61,30427.59,30085.59,30171.23,30171.23,7903327692.00
2023-07-10,30172.42,31026.08,29985.39,30414.47,30414.47,14828209155.00
2023-07-11,30417.63,30788.31,30358.10,30620.95,30620.95,12151839152.00
2023-07-12,30622.25,30959.96,30228.84,30391.65,30391.65,14805659717.00
2023-07-13,30387.49,31814.52,30268.35,31476.05,31476.05,23686079548.00
2023-07-14,31474.72,31582.25,29966.39,30334.07,30334.07,20917902660.00
2023-07-15,30331.78,30407.78,30263.46,30295.81,30295.81,8011667756.00
2023-07-16,30297.47,30437.56,30089.67,30249.13,30249.13,8516564470.00
2023-07-17,30249.63,30336.40,29685.78,30145.89,30145.89,13240156074.00
2023-07-18,30147.07,30233.66,29556.43,29856.56,29856.56,13138897269.00
2023-07-19,29862.05,30184.18,29794.27,29913.92,29913.92,12128602812.00
2023-07-20,29915.25,30195.53,29638.10,29792.02,29792.02,14655207121.00
2023-07-21,29805.11,30046.00,29733.85,29908.74,29908.74,10972789818.00
2023-07-22,29908.70,29991.62,29664.12,29771.80,29771.80,7873300598.00
2023-07-23,29790.11,30330.64,29741.53,30084.54,30084.54,9220145050.00
2023-07-24,30081.66,30093.39,28934.29,29176.92,29176.92,15395817395.00
2023-07-25,29178.97,29353.16,29062.43,29227.39,29227.39,10266772793.00
2023-07-26,29225.76,29675.55,29113.91,29354.97,29354.97,13497554655.00
2023-07-27,29353.80,29560.97,29099.35,29210.69,29210.69,10770779217.00
2023-07-28,29212.16,29521.51,29125.85,29319.25,29319.25,11218474952.00
2023-07-29,29319.45,29396.84,29264.17,29356.92,29356.92,6481775959.00
2023-07-30,29357.09,29443.17,29059.50,29275.31,29275.31,8678454527.00
2023-07-31,29278.31,29489.87,29131.58,29230.11,29230.11,11656781982.00
2023-08-01,29230.87,29675.73,28657.02,29675.73,29675.73,18272392391.00
2023-08-02,29704.15,29988.00,28946.51,29151.96,29151.96,19212655598.00
2023-08-03,29161.81,29375.71,28959.49,29178.68,29178.68,12780357746.00
2023-08-04,29174.38,29302.08,28885.34,29074.09,29074.09,12036639988.00
2023-08-05,29075.39,29102.46,28957.80,29042.13,29042.13,6598366353.00
2023-08-06,29043.70,29160.82,28963.83,29041.86,29041.86,7269806994.00
2023-08-07,29038.51,29244.28,28724.14,29180.58,29180.58,13618163710.00
2023-08-08,29180.02,30176.80,29113.81,29765.49,29765.49,17570561357.00
2023-08-09,29766.70,30093.44,29376.80,29561.49,29561.49,18379521213.00
2023-08-10,29563.97,29688.56,29354.45,29429.59,29429.59,11865344789.00
2023-08-11,29424.90,29517.77,29253.52,29397.71,29397.71,10195168197.00
2023-08-12,29399.79,29465.11,29357.59,29415.96,29415.96,6194358008.00
2023-08-13,29416.59,29441.43,29265.81,29282.91,29282.91,7329897180.00
2023-08-14,29283.26,29660.25,29124.11,29408.44,29408.44,14013695304.00
2023-08-15,29408.05,29439.12,29088.85,29170.35,29170.35,12640195779.00
2023-08-16,29169.07,29221.98,28701.78,28701.78,28701.78,14949271904.00
2023-08-17,28699.80,28745.95,25409.11,26664.55,26664.55,31120851211.00
2023-08-18,26636.08,26808.20,25668.92,26049.56,26049.56,24026236529.00
2023-08-19,26047.83,26249.45,25802.41,26096.21,26096.21,10631443812.00
2023-08-20,26096.86,26260.68,26004.31,26189.58,26189.58,9036580420.00
2023-08-21,26188.69,26220.20,25846.09,26124.14,26124.14,13371557893.00
2023-08-22,26130.75,26135.51,25520.73,26031.66,26031.66,14503820706.00
2023-08-23,26040.47,26786.90,25805.00,26431.64,26431.64,16985265785.00
2023-08-24,26431.52,26554.91,25914.93,26162.37,26162.37,12871532023.00
2023-08-25,26163.68,26248.10,25786.81,26047.67,26047.67,12406045118.00
2023-08-26,26047.23,26107.38,25983.88,26008.46,26008.46,6034817316.00
2023-08-27,26008.24,26165.37,25965.10,26089.69,26089.69,6913768611.00
2023-08-28,26089.62,26198.58,25880.60,26106.15,26106.15,11002805166.00
2023-08-29,26102.49,28089.34,25912.63,27727.39,27727.39,29368391712.00
2023-08-30,27726.08,27760.16,27069.21,27297.27,27297.27,16343655235.00
2023-08-31,27301.93,27456.08,25752.93,25931.47,25931.47,20181001451.00
2023-09-01,25934.02,26125.87,25362.61,25800.72,25800.72,17202862221.00
2023-09-02,25800.91,25970.29,25753.09,25868.80,25868.80,10100387473.00
2023-09-03,25869.47,26087.15,25817.03,25969.57,25969.57,8962524523.00
2023-09-04,25968.17,26081.53,25657.03,25812.42,25812.42,10680635106.00
2023-09-05,25814.96,25858.38,25589.99,25779.98,25779.98,11094740040.00
2023-09-06,25783.93,25953.02,25404.36,25753.24,25753.24,12752705327.00
2023-09-07,25748.31,26409.30,25608.20,26240.20,26240.20,11088307100.00
2023-09-08,26245.21,26414.01,25677.48,25905.65,25905.65,10817356400.00
2023-09-09,25905.43,25921.98,25810.49,25895.68,25895.68,5481314132.00
2023-09-10,25895.21,25978.13,25640.26,25832.23,25832.23,7899553047.00
2023-09-11,25831.71,25883.95,24930.30,25162.65,25162.65,14600006467.00
2023-09-12,25160.66,26451.94,25133.08,25833.34,25833.34,18657279324.00
2023-09-13,25837.55,26376.11,25781.12,26228.32,26228.32,13072077070.00
2023-09-14,26228.28,26774.62,26171.45,26539.67,26539.67,13811359124.00
2023-09-15,26533.82,26840.50,26240.70,26608.69,26608.69,11479735788.00
2023-09-16,26606.20,26754.77,26473.89,26568.28,26568.28,7402031417.00
2023-09-17,26567.93,26618.00,26445.07,26534.19,26534.19,6774210670.00
2023-09-18,26532.99,27414.73,26415.52,26754.28,26754.28,15615339655.00
2023-09-19,26760.85,27488.76,26681.61,27211.12,27211.12,13807690550.00
2023-09-20,27210.23,27379.51,26864.08,27132.01,27132.01,13281116604.00
2023-09-21,27129.84,27152.94,26389.30,26567.63,26567.63,13371443708.00
2023-09-22,26564.06,26726.08,26495.53,26579.57,26579.57,10578746709.00
2023-09-23,26578.56,26634.19,26520.52,26579.39,26579.39,7404700301.00
2023-09-24,26579.37,26716.06,26221.05,26256.83,26256.83,8192867686.00
2023-09-25,26253.78,26421.51,26011.47,26298.48,26298.48,11997833257.00
2023-09-26,26294.76,26389.88,26090.71,26217.25,26217.25,9985498161.00
2023-09-27,26209.50,26817.84,26111.46,26352.72,26352.72,11718380997.00
2023-09-28,26355.81,27259.50,26327.32,27021.55,27021.55,14079002707.00
2023-09-29,27024.84,27225.94,26721.76,26911.72,26911.72,10396435377.00
2023-09-30,26911.69,27091.79,26888.97,26967.92,26967.92,5331172801.00
2023-10-01,26967.40,28047.24,26965.09,27983.75,27983.75,9503917434.00
2023-10-02,27976.80,28494.46,27347.79,27530.79,27530.79,19793041322.00
2023-10-03,27508.25,27667.19,27216.00,27429.98,27429.98,11407814187.00
2023-10-04,27429.07,27826.66,27248.11,27799.39,27799.39,11143355314.00
2023-10-05,27798.65,28091.86,27375.60,27415.91,27415.91,11877253670.00
2023-10-06,27412.12,28252.54,27215.55,27946.60,27946.60,13492391599.00
2023-10-07,27946.78,28028.09,27870.42,27968.84,27968.84,6553044316.00
2023-10-08,27971.68,28102.17,27740.66,27935.09,27935.09,7916875290.00
2023-10-09,27934.47,27989.47,27302.56,27583.68,27583.68,12007668568.00
2023-10-10,27589.20,27715.85,27301.65,27391.02,27391.02,9973350678.00
2023-10-11,27392.08,27474.12,26561.10,26873.32,26873.32,13648094333.00
2023-10-12,26873.29,26921.44,26558.32,26756.80,26756.80,9392909295.00
2023-10-13,26752.88,27092.70,26686.32,26862.38,26862.38,15165312851.00
2023-10-14,26866.20,26969.00,26814.59,26861.71,26861.71,5388116782.00
2023-10-15,26858.01,27289.17,26817.89,27159.65,27159.65,7098201980.00
2023-10-16,27162.63,29448.14,27130.47,28519.47,28519.47,27833876539.00
2023-10-17,28522.10,28618.75,28110.19,28415.75,28415.75,14872527508.00
2023-10-18,28413.53,28889.01,28174.25,28328.34,28328.34,12724128586.00
2023-10-19,28332.42,28892.47,28177.99,28719.81,28719.81,14448058195.00
2023-10-20,28732.81,30104.09,28601.67,29682.95,29682.95,21536125230.00
2023-10-21,29683.38,30287.48,29481.75,29918.41,29918.41,11541146996.00
2023-10-22,29918.65,30199.43,29720.31,29993.90,29993.90,10446520040.00
2023-10-23,30140.69,34370.44,30097.83,33086.23,33086.23,38363572311.00
2023-10-24,33077.30,35150.43,32880.76,33901.53,33901.53,44934999645.00
2023-10-25,33916.04,35133.76,33709.11,34502.82,34502.82,25254318008.00
2023-10-26,34504.29,34832.91,33762.32,34156.65,34156.65,19427195376.00
2023-10-27,34156.50,34238.21,33416.89,33909.80,33909.80,16418032871.00
2023-10-28,33907.72,34399.39,33874.80,34089.57,34089.57,10160330825.00
2023-10-29,34089.37,34743.26,33947.57,34538.48,34538.48,11160323986.00
2023-10-30,34531.74,34843.93,34110.97,34502.36,34502.36,17184860315.00
2023-10-31,34500.08,34719.25,34083.31,34667.78,34667.78,15758270810.00
2023-11-01,34657.27,35527.93,34170.69,35437.25,35437.25,22446272005.00
2023-11-02,35441.58,35919.84,34401.57,34938.24,34938.24,20998158544.00
2023-11-03,34942.47,34942.47,34133.44,34732.32,34732.32,17158456701.00
2023-11-04,34736.32,35256.03,34616.69,35082.20,35082.20,9561294264.00
2023-11-05,35090.01,35340.34,34594.24,35049.36,35049.36,12412743996.00
2023-11-06,35044.79,35286.03,34765.36,35037.37,35037.37,12693436420.00
2023-11-07,35047.79,35892.42,34545.82,35443.56,35443.56,18834737789.00
2023-11-08,35419.48,35994.42,35147.80,35655.28,35655.28,17295394918.00
2023-11-09,35633.63,37926.26,35592.10,36693.13,36693.13,37762672382.00
2023-11-10,36702.25,37493.80,36362.75,37313.97,37313.97,22711265155.00
2023-11-11,37310.07,37407.09,36773.67,37138.05,37138.05,13924272142.00
2023-11-12,37133.99,37227.69,36779.12,37054.52,37054.52,11545715999.00
2023-11-13,37070.30,37405.12,36399.61,36502.36,36502.36,19057712790.00
2023-11-14,36491.79,36753.35,34948.50,35537.64,35537.64,23857403554.00
2023-11-15,35548.11,37964.89,35383.78,37880.58,37880.58,27365821679.00
2023-11-16,37879.98,37934.63,35545.47,36154.77,36154.77,26007385366.00
2023-11-17,36164.82,36704.48,35901.23,36596.68,36596.68,22445028430.00
2023-11-18,36625.37,36839.28,36233.31,36585.70,36585.70,11886022717.00
2023-11-19,36585.77,37509.36,36414.60,37386.55,37386.55,12915986553.00
2023-11-20,37374.07,37756.82,36882.53,37476.96,37476.96,20888209068.00
2023-11-21,37469.16,37631.14,35813.81,35813.81,35813.81,25172163756.00
2023-11-22,35756.55,37856.98,35670.97,37432.34,37432.34,24397247860.00
2023-11-23,37420.43,37643.92,36923.86,37289.62,37289.62,14214948217.00
2023-11-24,37296.32,38415.34,37261.61,37720.28,37720.28,22922957823.00
2023-11-25,37721.41,37892.43,37617.42,37796.79,37796.79,9099571165.00
2023-11-26,37796.83,37820.30,37162.75,37479.12,37479.12,13744796068.00
2023-11-27,37454.19,37559.36,36750.13,37254.17,37254.17,19002925720.00
2023-11-28,37247.99,38368.48,36891.09,37831.09,37831.09,21696137014.00
2023-11-29,37826.11,38366.11,37612.63,37858.49,37858.49,20728546658.00
2023-11-30,37861.12,38141.75,37531.14,37712.75,37712.75,18115982627.00
2023-12-01,37718.01,38954.11,37629.36,38688.75,38688.75,23512784002.00
2023-12-02,38689.28,39678.94,38652.59,39476.33,39476.33,15534035612.00
2023-12-03,39472.21,40135.61,39298.16,39978.39,39978.39,15769696322.00
2023-12-04,39978.63,42371.75,39978.63,41980.10,41980.10,39856129827.00
2023-12-05,41986.27,44408.66,41421.15,44080.65,44080.65,36312154535.00
2023-12-06,44080.02,44265.77,43478.08,43746.45,43746.45,29909761586.00
2023-12-07,43769.13,44042.59,42880.65,43292.66,43292.66,27635760671.00
2023-12-08,43293.14,44705.52,43125.30,44166.60,44166.60,24421116687.00
2023-12-09,44180.02,44361.26,43627.60,43725.98,43725.98,17368210171.00
2023-12-10,43728.38,44034.63,43593.29,43779.70,43779.70,13000481418.00
2023-12-11,43792.02,43808.38,40234.58,41243.83,41243.83,40632672038.00
2023-12-12,41238.73,42048.30,40667.56,41450.22,41450.22,24779520132.00
2023-12-13,41468.46,43429.78,40676.87,42890.74,42890.74,26797884674.00
2023-12-14,42884.26,43390.86,41767.09,43023.97,43023.97,25578530178.00
2023-12-15,43028.25,43087.82,41692.97,41929.76,41929.76,19639442462.00
2023-12-16,41937.74,42664.95,41723.11,42240.12,42240.12,14386729590.00
2023-12-17,42236.11,42359.50,41274.54,41364.66,41364.66,16678702876.00
2023-12-18,41348.20,42720.30,40530.26,42623.54,42623.54,25224642008.00
2023-12-19,42641.51,43354.30,41826.34,42270.53,42270.53,23171001281.00
2023-12-20,42261.30,44275.59,42223.82,43652.25,43652.25,27868908174.00
2023-12-21,43648.13,44240.67,43330.05,43869.15,43869.15,22452766169.00
2023-12-22,43868.99,44367.96,43441.97,43997.90,43997.90,21028503216.00
2023-12-23,44012.20,44015.70,43351.36,43739.54,43739.54,13507796558.00
2023-12-24,43728.37,43945.52,42786.92,43016.12,43016.12,18830554085.00
2023-12-25,43010.57,43765.09,42765.77,43613.14,43613.14,21115795370.00
2023-12-26,43599.85,43603.18,41676.49,42520.40,42520.40,30026850982.00
2023-12-27,42518.47,43683.16,42167.58,43442.86,43442.86,25260941032.00
2023-12-28,43468.20,43804.78,42318.55,42627.86,42627.86,22992093014.00
2023-12-29,42614.64,43124.32,41424.06,42099.40,42099.40,26000021055.00
2023-12-30,42091.75,42584.13,41556.23,42156.90,42156.90,16013925945.00
2023-12-31,42152.10,42860.94,41998.25,42265.19,42265.19,16397498810.00
2024-01-01,42280.23,44175.44,42214.98,44167.33,44167.33,18426978443.00
2024-01-02,44187.14,45899.71,44176.95,44957.97,44957.97,39335274536.00
2024-01-03,44961.60,45503.24,40813.54,42848.18,42848.18,46342323118.00
2024-01-04,42855.82,44770.02,42675.18,44179.92,44179.92,30448091210.00
2024-01-05,44192.98,44353.29,42784.72,44162.69,44162.69,32336029347.00
2024-01-06,44178.95,44227.63,43475.16,43989.20,43989.20,16092503468.00
2024-01-07,43998.46,44495.57,43662.23,43943.10,43943.10,19330573863.00
2024-01-08,43948.71,47218.00,43244.08,46970.50,46970.50,42746192015.00
2024-01-09,46987.64,47893.70,45244.71,46139.73,46139.73,39821290992.00
2024-01-10,46121.54,47647.22,44483.15,46627.78,46627.78,50114613298.00
2024-01-11,46656.07,48969.37,45678.64,46368.59,46368.59,45833734549.00
2024-01-12,46354.79,46498.14,41903.77,42853.17,42853.17,43332698900.00
2024-01-13,42799.45,43234.66,42464.14,42842.38,42842.38,20601860469.00
2024-01-14,42842.26,43065.60,41724.61,41796.27,41796.27,17521429522.00
2024-01-15,41715.07,43319.72,41705.42,42511.97,42511.97,22320220558.00
2024-01-16,42499.34,43566.27,42086.00,43154.95,43154.95,24062872740.00
2024-01-17,43132.10,43189.89,42189.31,42742.65,42742.65,20851232595.00
2024-01-18,42742.31,42876.35,40631.17,41262.06,41262.06,25218357242.00
2024-01-19,41278.46,42134.16,40297.46,41618.41,41618.41,25752407154.00
2024-01-20,41624.59,41877.89,41446.82,41665.59,41665.59,11586690904.00
2024-01-21,41671.49,41855.37,41497.01,41545.79,41545.79,9344043642.00
2024-01-22,41553.65,41651.21,39450.12,39507.37,39507.37,31338708143.00
2024-01-23,39518.71,40127.35,38521.89,39845.55,39845.55,29244553045.00
2024-01-24,39877.59,40483.79,39508.80,40077.07,40077.07,22359526178.00
2024-01-25,40075.55,40254.48,39545.66,39933.81,39933.81,18491782013.00
2024-01-26,39936.82,42209.39,39825.69,41816.87,41816.87,25598119893.00
2024-01-27,41815.63,42195.63,41431.28,42120.05,42120.05,11422941934.00
2024-01-28,42126.13,42797.18,41696.91,42035.59,42035.59,16858971687.00
2024-01-29,42030.91,43305.87,41818.33,43288.25,43288.25,20668476578.00
2024-01-30,43300.23,43838.95,42711.37,42952.61,42952.61,23842814518.00
2024-01-31,42946.25,43717.41,42298.95,42582.61,42582.61,24673628793.00
2024-02-01,42569.76,43243.17,41879.19,43075.77,43075.77,21423953779.00
2024-02-02,43077.64,43422.49,42584.34,43185.86,43185.86,18603843039.00
2024-02-03,43184.96,43359.94,42890.81,42992.25,42992.25,11169245236.00
2024-02-04,42994.94,43097.64,42374.83,42583.58,42583.58,14802225490.00
2024-02-05,42577.62,43494.25,42264.82,42658.67,42658.67,18715487317.00
2024-02-06,42657.39,43344.15,42529.02,43084.67,43084.67,16798476726.00
2024-02-07,43090.02,44341.95,42775.96,44318.22,44318.22,21126587775.00
2024-02-08,44332.13,45575.84,44332.13,45301.57,45301.57,26154524080.00
2024-02-09,45297.38,48152.50,45260.82,47147.20,47147.20,39316770844.00
2024-02-10,47153.53,48146.17,46905.32,47771.28,47771.28,16398681570.00
2024-02-11,47768.97,48535.94,47617.41,48293.92,48293.92,19315867136.00
2024-02-12,48296.39,50280.48,47745.76,49958.22,49958.22,34511985805.00
2024-02-13,49941.36,50358.39,48406.50,49742.44,49742.44,35593051468.00
2024-02-14,49733.45,52021.37,49296.83,51826.70,51826.70,39105608050.00
2024-02-15,51836.79,52820.07,51371.63,51938.55,51938.55,38564360533.00
2024-02-16,51937.73,52537.97,51641.37,52160.20,52160.20,28180567298.00
2024-02-17,52161.68,52191.91,50669.67,51663.00,51663.00,20009091006.00
2024-02-18,51661.97,52356.96,51233.71,52122.55,52122.55,17595377311.00
2024-02-19,52134.81,52483.32,51711.82,51779.14,51779.14,21362184346.00
2024-02-20,51777.73,52945.05,50792.31,52284.88,52284.88,33353758256.00
2024-02-21,52273.54,52368.82,50671.76,51839.18,51839.18,28624907020.00
2024-02-22,51854.64,52009.61,50926.29,51304.97,51304.97,25413900611.00
2024-02-23,51283.91,51497.93,50561.78,50731.95,50731.95,21427078270.00
2024-02-24,50736.37,51684.20,50585.45,51571.10,51571.10,15174077879.00
2024-02-25,51565.21,51950.03,51306.17,51733.24,51733.24,15413239245.00
2024-02-26,51730.54,54938.18,50931.03,54522.40,54522.40,34074411896.00
2024-02-27,54519.36,57537.84,54484.20,57085.37,57085.37,49756832031.00
2024-02-28,57071.10,63913.13,56738.43,62504.79,62504.79,83239156760.00
2024-02-29,62499.18,63585.64,60498.73,61198.38,61198.38,65496611844.00
2024-03-01,61168.06,63155.10,60802.53,62440.63,62440.63,40186368423.00
2024-03-02,62431.65,62458.70,61657.29,62029.85,62029.85,23888473685.00
2024-03-03,62031.58,63230.21,61435.02,63167.37,63167.37,26253811450.00
2024-03-04,63137.00,68537.03,62386.52,68330.41,68330.41,70670471105.00
2024-03-05,68341.05,69170.63,59323.91,63801.20,63801.20,102802940877.00
2024-03-06,63776.05,67637.93,62848.67,66106.80,66106.80,68750229073.00
2024-03-07,66099.74,68029.92,65655.53,66925.48,66925.48,46989543159.00
2024-03-08,66938.09,70083.05,66230.45,68300.09,68300.09,59202881172.00
2024-03-09,68299.26,68673.05,68053.13,68498.88,68498.88,21609650379.00
2024-03-10,68500.26,70005.20,68239.98,69019.79,69019.79,35683977532.00
2024-03-11,69020.55,72850.71,67194.88,72123.91,72123.91,65716656765.00
2024-03-12,72125.13,72825.66,68728.85,71481.29,71481.29,62554434520.00
2024-03-13,71482.12,73637.48,71334.09,73083.50,73083.50,48212536929.00
2024-03-14,73079.38,73750.07,68563.02,71396.59,71396.59,59594605698.00
2024-03-15,71387.88,72357.13,65630.70,69403.77,69403.77,78320453976.00
2024-03-16,69392.48,70046.27,64801.39,65315.12,65315.12,46842198371.00
2024-03-17,65316.34,68845.72,64545.32,68390.63,68390.63,44716864318.00
2024-03-18,68371.30,68897.13,66594.23,67548.59,67548.59,49261579492.00
2024-03-19,67556.13,68106.93,61536.18,61912.77,61912.77,74215844794.00
2024-03-20,61930.16,68115.26,60807.79,67913.67,67913.67,66792634382.00
2024-03-21,67911.59,68199.99,64580.92,65491.39,65491.39,44480350565.00
2024-03-22,65489.93,66623.75,62355.37,63778.76,63778.76,41401116964.00
2024-03-23,63802.72,65976.40,63038.49,64062.20,64062.20,24738964812.00
2024-03-24,64070.75,67622.76,63825.85,67234.17,67234.17,27206630673.00
2024-03-25,67234.09,71162.59,66414.84,69958.81,69958.81,42700139523.00
2024-03-26,69931.33,71535.74,69335.61,69987.84,69987.84,36010437368.00
2024-03-27,69991.90,71727.69,68381.93,69455.34,69455.34,40827113309.00
2024-03-28,69452.77,71546.02,68895.51,70744.95,70744.95,34374900617.00
2024-03-29,70744.80,70913.09,69076.66,69892.83,69892.83,25230851763.00
2024-03-30,69893.45,70355.49,69601.06,69645.30,69645.30,17130241883.00
2024-03-31,69647.78,71377.78,69624.87,71333.65,71333.65,20050941373.00
2024-04-01,71333.48,71342.09,68110.70,69702.15,69702.15,34873527352.00
2024-04-02,69705.02,69708.38,64586.59,65446.97,65446.97,50705240709.00
2024-04-03,65446.67,66914.32,64559.90,65980.81,65980.81,34488018367.00
2024-04-04,65975.70,69291.26,65113.80,68508.84,68508.84,34439527442.00
2024-04-05,68515.76,68725.76,66011.48,67837.64,67837.64,33748230056.00
2024-04-06,67840.57,69629.60,67491.72,68896.11,68896.11,19967785809.00
2024-04-07,68897.11,70284.43,68851.63,69362.55,69362.55,21204930369.00
2024-04-08,69362.55,72715.36,69064.24,71631.36,71631.36,37261432669.00
2024-04-09,71632.50,71742.51,68212.92,69139.02,69139.02,36426900409.00
2024-04-10,69140.24,71093.43,67503.56,70587.88,70587.88,38318601774.00
2024-04-11,70575.73,71256.23,69571.81,70060.61,70060.61,30153382941.00
2024-04-12,70061.38,71222.74,65254.84,67195.87,67195.87,44129299406.00
2024-04-13,67188.38,67931.43,60919.11,63821.47,63821.47,52869738185.00
2024-04-14,63836.23,65824.43,62205.85,65738.73,65738.73,49084320047.00
2024-04-15,65739.65,66878.65,62332.07,63426.21,63426.21,43595917654.00
2024-04-16,63419.30,64355.67,61716.40,63811.86,63811.86,42847528078.00
2024-04-17,63831.85,64486.36,59768.59,61276.69,61276.69,41915247049.00
2024-04-18,61275.32,64125.69,60833.48,63512.75,63512.75,36006307335.00
2024-04-19,63510.75,65481.60,59651.39,63843.57,63843.57,49920425401.00
2024-04-20,63851.10,65442.46,63172.40,64994.44,64994.44,23097485495.00
2024-04-21,64992.82,65723.24,64277.72,64926.64,64926.64,20506644853.00
2024-04-22,64935.63,67233.96,64548.18,66837.68,66837.68,28282686673.00
2024-04-23,66839.89,67199.24,65864.87,66407.27,66407.27,24310975583.00
2024-04-24,66408.72,67075.37,63589.87,64276.90,64276.90,30276655120.00
2024-04-25,64275.02,65275.21,62783.63,64481.71,64481.71,32155786816.00
2024-04-26,64485.37,64789.66,63322.40,63755.32,63755.32,24139372950.00
2024-04-27,63750.99,63898.36,62424.72,63419.14,63419.14,19530783039.00
2024-04-28,63423.52,64321.48,62793.60,63113.23,63113.23,17334827993.00
2024-04-29,63106.36,64174.88,61795.46,63841.12,63841.12,26635912073.00
2024-04-30,63839.42,64703.33,59120.07,60636.86,60636.86,37840840057.00
2024-05-01,60609.50,60780.50,56555.29,58254.01,58254.01,48439780271.00
2024-05-02,58253.70,59602.30,56937.20,59123.43,59123.43,32711813559.00
2024-05-03,59122.30,63320.50,58848.31,62889.84,62889.84,33172023048.00
2024-05-04,62891.03,64494.96,62599.35,63891.47,63891.47,20620477992.00
2024-05-05,63892.45,64610.89,62955.30,64031.13,64031.13,18296164805.00
2024-05-06,64038.31,65494.90,62746.24,63161.95,63161.95,28697928697.00
2024-05-07,63162.76,64390.46,62285.98,62334.82,62334.82,25930730982.00
2024-05-08,62332.64,62986.09,60877.13,61187.94,61187.94,26088172222.00
2024-05-09,61191.20,63404.91,60648.07,63049.96,63049.96,25453338161.00
2024-05-10,63055.19,63446.74,60208.78,60792.78,60792.78,27804954694.00
2024-05-11,60793.36,61451.15,60492.63,60793.71,60793.71,13842272968.00
2024-05-12,60793.50,61818.16,60632.60,61448.39,61448.39,13800459405.00
2024-05-13,61451.22,63422.66,60769.84,62901.45,62901.45,27889181179.00
2024-05-14,62900.77,63092.13,61123.77,61552.79,61552.79,28186271527.00
2024-05-15,61553.99,66454.45,61330.41,66267.49,66267.49,39815167074.00
2024-05-16,66256.11,66712.43,64613.05,65231.58,65231.58,31573077994.00
2024-05-17,65231.30,67459.46,65119.32,67051.88,67051.88,28031279310.00
2024-05-18,67066.21,67387.33,66663.50,66940.80,66940.80,16712277406.00
2024-05-19,66937.93,67694.30,65937.18,66278.37,66278.37,19249094538.00
2024-05-20,66278.74,71483.56,66086.17,71448.20,71448.20,43850655717.00
2024-05-21,71443.06,71946.46,69191.13,70136.53,70136.53,46932005990.00
2024-05-22,70135.32,70623.70,68977.70,69122.34,69122.34,32802561717.00
2024-05-23,69121.30,70041.27,66356.95,67929.56,67929.56,41895680979.00
2024-05-24,67928.13,69220.30,66622.67,68526.10,68526.10,29197308153.00
2024-05-25,68526.92,69579.32,68515.82,69265.95,69265.95,15473071741.00
2024-05-26,69264.29,69506.23,68183.89,68518.09,68518.09,15628433737.00
2024-05-27,68512.18,70597.88,68232.50,69394.55,69394.55,25870990717.00
2024-05-28,69392.20,69514.64,67227.16,68296.22,68296.22,32722265965.00
2024-05-29,68296.35,68852.46,67101.49,67578.09,67578.09,26707072906.00
2024-05-30,67576.09,69500.54,67118.08,68364.99,68364.99,29509712534.00
2024-05-31,68362.52,68999.56,66633.42,67491.41,67491.41,27387283769.00
2024-06-01,67489.61,67839.77,67386.20,67706.94,67706.94,11641495604.00
2024-06-02,67710.27,68409.16,67315.52,67751.60,67751.60,17110588415.00
2024-06-03,67753.90,70230.82,67589.84,68804.78,68804.78,32401285324.00
2024-06-04,68804.57,71047.41,68564.64,70567.77,70567.77,33149696545.00
2024-06-05,70568.35,71735.41,70390.71,71082.82,71082.82,32810771409.00
2024-06-06,71082.84,71625.73,70119.13,70757.16,70757.16,25223152007.00
2024-06-07,70759.19,71907.85,68507.26,69342.59,69342.59,36188381096.00
2024-06-08,69324.18,69533.32,69210.74,69305.77,69305.77,14262185861.00
2024-06-09,69297.49,69817.52,69160.84,69647.99,69647.99,13534028500.00
2024-06-10,69644.31,70146.07,69232.42,69512.28,69512.28,20597699541.00
2024-06-11,69508.08,69549.41,66123.60,67332.03,67332.03,37116136345.00
2024-06-12,67321.38,69977.89,66902.45,68241.19,68241.19,34497940694.00
2024-06-13,68243.10,68365.78,66304.56,66756.40,66756.40,28955204146.00
2024-06-14,66747.57,67294.65,65056.89,66011.09,66011.09,27403884779.00
2024-06-15,66006.74,66402.19,65871.77,66191.00,66191.00,14121265576.00
2024-06-16,66189.36,66894.84,66018.25,66639.05,66639.05,13281140541.00
2024-06-17,66636.52,67188.32,65094.96,66490.30,66490.30,30006354476.00
2024-06-18,66490.98,66556.70,64066.96,65140.75,65140.75,39481285950.00
2024-06-19,65146.66,65695.35,64693.30,64960.30,64960.30,21103423504.00
2024-06-20,64960.30,66438.96,64547.85,64828.66,64828.66,25641109124.00
2024-06-21,64837.99,65007.55,63378.89,64096.20,64096.20,26188171739.00
2024-06-22,64113.86,64475.47,63929.76,64252.58,64252.58,9858198793.00
2024-06-23,64248.96,64491.70,63180.80,63180.80,63180.80,11170471802.00
2024-06-24,63173.35,63292.53,58601.70,60277.41,60277.41,43152133651.00
2024-06-25,60266.28,62258.26,60239.75,61804.64,61804.64,29201215431.00
2024-06-26,61789.68,62434.14,60695.19,60811.28,60811.28,22506003064.00
2024-06-27,60811.23,62293.86,60585.33,61604.80,61604.80,21231745045.00
2024-06-28,61612.80,62126.10,59985.40,60320.14,60320.14,24952866877.00
2024-06-29,60319.88,61097.62,60300.96,60887.38,60887.38,12652903396.00
2024-06-30,60888.45,62892.83,60632.95,62678.29,62678.29,17333226409.00
2024-07-01,62673.61,63777.23,62495.51,62851.98,62851.98,25468379421.00
2024-07-02,62844.41,63203.36,61752.75,62029.02,62029.02,20151616992.00
2024-07-03,62034.33,62187.70,59419.39,60173.92,60173.92,29756701685.00
2024-07-04,60147.14,60399.68,56777.80,56977.70,56977.70,41149609230.00
2024-07-05,57022.81,57497.15,53717.38,56662.38,56662.38,55417544033.00
2024-07-06,56659.07,58472.55,56038.96,58303.54,58303.54,20610320577.00
2024-07-07,58239.43,58371.12,55793.32,55849.11,55849.11,20553359505.00
2024-07-08,55849.57,58131.34,54321.02,56705.10,56705.10,39766159899.00
2024-07-09,56704.60,58239.20,56316.88,58009.23,58009.23,27849512607.00
2024-07-10,58033.88,59359.43,57178.41,57742.50,57742.50,26175260526.00
2024-07-11,57729.89,59299.43,57120.38,57344.91,57344.91,28707803842.00
2024-07-12,57341.20,58532.55,56590.18,57899.46,57899.46,25604805221.00
2024-07-13,57908.74,59787.08,57796.44,59231.95,59231.95,17080061806.00
2024-07-14,59225.25,61329.53,59225.25,60787.79,60787.79,22223416061.00
2024-07-15,60815.46,64870.15,60704.93,64870.15,64870.15,38094526099.00
2024-07-16,64784.42,65354.34,62487.97,65097.15,65097.15,41617346768.00
2024-07-17,65091.83,66066.73,63896.09,64118.79,64118.79,32525071311.00
2024-07-18,64104.74,65104.66,63246.16,63974.07,63974.07,27239305337.00
2024-07-19,63972.32,67442.64,63329.34,66710.16,66710.16,37003855410.00
2024-07-20,66709.92,67610.73,66299.62,67163.65,67163.65,19029581250.00
2024-07-21,67164.91,68372.91,65842.30,68154.52,68154.52,26652190004.00
2024-07-22,68152.98,68480.06,66611.30,67585.25,67585.25,42649109453.00
2024-07-23,67584.80,67779.02,65484.46,65927.67,65927.67,35605668666.00
2024-07-24,65927.86,67113.98,65147.00,65372.13,65372.13,27470942309.00
2024-07-25,65375.88,66112.42,63473.47,65777.23,65777.23,38315761670.00
2024-07-26,65771.81,68207.60,65743.77,67912.06,67912.06,30488630457.00
2024-07-27,67911.81,69398.51,66705.22,67813.34,67813.34,34691905492.00
2024-07-28,67808.66,68301.85,67085.83,68255.87,68255.87,18043166945.00
2024-07-29,68259.05,69987.54,66532.59,66819.91,66819.91,40780682628.00
2024-07-30,66819.05,66987.67,65323.19,66201.02,66201.02,31380492109.00
2024-07-31,66201.27,66810.21,64532.05,64619.25,64619.25,31292785994.00
2024-08-01,64625.84,65593.24,62248.94,65357.50,65357.50,40975554494.00
2024-08-02,65353.50,65523.22,61184.89,61415.07,61415.07,43060875727.00
2024-08-03,61414.81,62148.37,59836.53,60680.09,60680.09,31753030589.00
2024-08-04,60676.09,61062.99,57210.80,58116.98,58116.98,31758917219.00
2024-08-05,58110.30,58268.83,49121.24,53991.46,53991.46,108991085584.00
2024-08-06,53991.35,57059.92,53973.27,56034.32,56034.32,49300484106.00
2024-08-07,56040.63,57726.88,54620.51,55027.46,55027.46,41637562185.00
2024-08-08,55030.03,62673.77,54766.73,61710.14,61710.14,45298472567.00
2024-08-09,61728.21,61751.86,59587.86,60880.11,60880.11,33425553115.00
2024-08-10,60881.23,61464.51,60287.57,60945.81,60945.81,15745822278.00
2024-08-11,60944.89,61778.66,58348.82,58719.48,58719.48,22759754812.00
2024-08-12,58719.39,60680.33,57688.90,59354.52,59354.52,37078637820.00
2024-08-13,59356.21,61572.40,58506.25,60609.57,60609.57,30327698167.00
2024-08-14,60611.05,61687.76,58472.88,58737.27,58737.27,29961696180.00
2024-08-15,58733.26,59838.65,56161.59,57560.10,57560.10,35682112440.00
2024-08-16,57560.27,59847.36,57110.02,58894.11,58894.11,29350938673.00
2024-08-17,58893.53,59694.67,58814.83,59478.97,59478.97,13589684021.00
2024-08-18,59468.13,60262.72,58445.40,58483.96,58483.96,17740625837.00
2024-08-19,58480.71,59612.66,57864.71,59493.45,59493.45,25911207712.00
2024-08-20,59493.45,61396.33,58610.88,59012.79,59012.79,31613400008.00
2024-08-21,59014.99,61834.35,58823.45,61175.19,61175.19,32731154072.00
2024-08-22,61168.32,61408.11,59815.25,60381.91,60381.91,27625734377.00
2024-08-23,60380.95,64947.06,60372.05,64094.36,64094.36,42530509233.00
2024-08-24,64103.87,64513.79,63619.92,64178.99,64178.99,21430585163.00
2024-08-25,64176.37,64996.42,63833.52,64333.54,64333.54,18827683555.00
2024-08-26,64342.23,64489.71,62849.56,62880.66,62880.66,27682040631.00
2024-08-27,62879.71,63210.80,58116.75,59504.13,59504.13,39103882198.00
2024-08-28,59507.93,60236.45,57890.68,59027.63,59027.63,40289564698.00
2024-08-29,59027.47,61184.08,58786.23,59388.18,59388.18,32224990582.00
2024-08-30,59388.60,59896.89,57768.53,59119.48,59119.48,32292756405.00
2024-08-31,59117.48,59432.59,58768.79,58969.90,58969.90,12403470760.00
2024-09-01,58969.80,59062.07,57217.82,57325.49,57325.49,24592449997.00
2024-09-02,57326.97,59403.07,57136.03,59112.48,59112.48,27036454524.00
2024-09-03,59106.19,59815.06,57425.17,57431.02,57431.02,26666961053.00
2024-09-04,57430.35,58511.57,55673.16,57971.54,57971.54,35627680312.00
2024-09-05,57971.70,58300.58,55712.45,56160.49,56160.49,31030280656.00
2024-09-06,56160.19,56976.11,52598.70,53948.75,53948.75,49361693566.00
2024-09-07,53949.09,54838.14,53740.07,54139.69,54139.69,19061486526.00
2024-09-08,54147.93,55300.86,53653.76,54841.57,54841.57,18268287531.00
2024-09-09,54851.89,58041.13,54598.43,57019.54,57019.54,34618096173.00
2024-09-10,57020.10,58029.98,56419.41,57648.71,57648.71,28857630507.00
2024-09-11,57650.29,57991.32,55567.34,57343.17,57343.17,37049062672.00
2024-09-12,57343.17,58534.36,57330.10,58127.01,58127.01,33835707949.00
2024-09-13,58130.32,60648.02,57650.11,60571.30,60571.30,32490528356.00
2024-09-14,60569.12,60656.72,59517.88,60005.12,60005.12,16428405496.00
2024-09-15,60000.73,60381.92,58696.31,59182.84,59182.84,18120960867.00
2024-09-16,59185.23,59205.51,57501.34,58192.51,58192.51,32032822113.00
2024-09-17,58192.51,61316.09,57628.07,60308.54,60308.54,38075570118.00
2024-09-18,60309.00,61664.07,59218.25,61649.68,61649.68,40990702891.00
2024-09-19,61651.16,63872.44,61609.87,62940.46,62940.46,42710252573.00
2024-09-20,62941.43,64119.53,62364.61,63192.98,63192.98,35177164222.00
2024-09-21,63184.34,63543.36,62783.11,63394.84,63394.84,14408616220.00
2024-09-22,63396.80,63993.42,62440.73,63648.71,63648.71,20183348802.00
2024-09-23,63643.10,64733.56,62628.08,63329.80,63329.80,31400285425.00
2024-09-24,63326.84,64695.21,62737.42,64301.97,64301.97,29938335243.00
2024-09-25,64302.59,64804.50,62945.38,63143.14,63143.14,25078377700.00
2024-09-26,63138.55,65790.80,62669.27,65181.02,65181.02,36873129847.00
2024-09-27,65180.66,66480.70,64852.99,65790.66,65790.66,32058813449.00
2024-09-28,65792.18,66255.53,65458.04,65887.65,65887.65,15243637984.00
2024-09-29,65888.90,66069.34,65450.02,65635.30,65635.30,14788214575.00
2024-09-30,65634.66,65635.05,62873.62,63329.50,63329.50,37112957475.00
2024-10-01,63335.61,64110.98,60189.28,60837.01,60837.01,50220923500.00
2024-10-02,60836.32,62357.69,59996.95,60632.79,60632.79,40762722398.00
2024-10-03,60632.48,61469.04,59878.80,60759.40,60759.40,36106447279.00
2024-10-04,60754.63,62465.99,60459.94,62067.48,62067.48,29585472513.00
2024-10-05,62067.61,62371.02,61689.58,62089.95,62089.95,13305410749.00
2024-10-06,62084.99,62959.57,61833.15,62818.95,62818.95,14776233667.00
2024-10-07,62819.11,64443.71,62152.55,62236.66,62236.66,34253562610.00
2024-10-08,62221.64,63174.30,61843.56,62131.97,62131.97,28134475157.00
2024-10-09,62131.73,62508.84,60314.61,60582.10,60582.10,27670982363.00
2024-10-10,60581.93,61236.72,58895.21,60274.50,60274.50,30452813570.00
2024-10-11,60275.46,63400.87,60046.13,62445.09,62445.09,30327141594.00
2024-10-12,62444.62,63448.79,62443.27,63193.02,63193.02,16744110886.00
2024-10-13,63192.95,63272.65,62035.64,62851.38,62851.38,18177529690.00
2024-10-14,62848.40,66482.49,62442.15,66046.13,66046.13,43706958056.00
2024-10-15,66050.37,67881.68,64809.20,67041.11,67041.11,48863870879.00
2024-10-16,67042.46,68375.29,66758.73,67612.72,67612.72,38195189534.00
2024-10-17,67617.08,67912.21,66647.39,67399.84,67399.84,32790898511.00
2024-10-18,67419.11,68969.75,67177.82,68418.79,68418.79,36857165014.00
2024-10-19,68418.98,68668.01,68024.64,68362.73,68362.73,14443497908.00
2024-10-20,68364.18,69359.01,68105.72,69001.70,69001.70,18975847518.00
2024-10-21,69002.00,69462.73,66829.85,67367.85,67367.85,37498611780.00
2024-10-22,67360.70,67801.58,66581.37,67361.41,67361.41,31808472566.00
2024-10-23,67362.38,67402.74,65188.04,66432.20,66432.20,32263980353.00
2024-10-24,66653.70,68798.96,66454.10,68161.05,68161.05,31414428647.00
2024-10-25,68165.30,68722.16,65521.79,66642.41,66642.41,41469984306.00
2024-10-26,66628.73,67317.92,66360.59,67014.70,67014.70,19588098156.00
2024-10-27,67023.48,68221.31,66847.23,67929.30,67929.30,16721307878.00
2024-10-28,67922.67,70212.27,67535.13,69907.76,69907.76,38799856657.00
2024-10-29,69910.05,73577.21,69729.91,72720.49,72720.49,58541874402.00
2024-10-30,72715.37,72905.30,71411.73,72339.54,72339.54,40646637831.00
2024-10-31,72335.05,72662.31,69590.50,70215.19,70215.19,40627912076.00
2024-11-01,70216.90,71559.02,68779.70,69482.47,69482.47,49989795365.00
2024-11-02,69486.02,69867.35,69033.72,69289.27,69289.27,18184612091.00
2024-11-03,69296.38,69361.66,67482.52,68741.12,68741.12,34868307655.00
2024-11-04,68742.13,69433.18,66803.65,67811.51,67811.51,41184819348.00
2024-11-05,67811.17,70522.79,67458.87,69359.56,69359.56,46046889204.00
2024-11-06,69358.50,76460.16,69322.03,75639.08,75639.08,118592653963.00
2024-11-07,75637.09,76943.12,74480.42,75904.86,75904.86,63467654989.00
2024-11-08,75902.84,77252.75,75648.74,76545.48,76545.48,55176858003.00
2024-11-09,76556.19,76932.77,75773.79,76778.87,76778.87,29009480361.00
2024-11-10,76775.55,81474.42,76565.43,80474.19,80474.19,82570594495.00
2024-11-11,80471.41,89604.50,80283.25,88701.48,88701.48,117966845037.00
2024-11-12,88705.56,89956.88,85155.11,87955.81,87955.81,133673285375.00
2024-11-13,87929.97,93434.35,86256.93,90584.16,90584.16,123559027869.00
2024-11-14,90574.88,91765.22,86682.81,87250.43,87250.43,87616705248.00
2024-11-15,87284.18,91868.74,87124.90,91066.01,91066.01,78243109518.00
2024-11-16,91064.37,91763.95,90094.23,90558.48,90558.48,44333192814.00
2024-11-17,90558.46,91433.04,88741.66,89845.85,89845.85,46350159305.00
2024-11-18,89843.72,92596.79,89393.59,90542.64,90542.64,75535775084.00
2024-11-19,90536.81,94002.87,90426.98,92343.79,92343.79,74521048295.00
2024-11-20,92341.89,94902.02,91619.50,94339.49,94339.49,71730956426.00
2024-11-21,94334.64,99014.22,94132.60,98504.73,98504.73,106024505582.00
2024-11-22,98496.43,99655.50,97222.66,98997.66,98997.66,78473580551.00
2024-11-23,99006.74,99014.68,97232.89,97777.28,97777.28,44414644677.00
2024-11-24,97778.09,98647.18,95788.08,98013.82,98013.82,51712020623.00
2024-11-25,98033.45,98935.03,92642.91,93102.30,93102.30,80909462490.00
2024-11-26,93087.28,94991.75,90770.81,91985.32,91985.32,91656519855.00
2024-11-27,91978.14,97361.18,91778.66,95962.53,95962.53,71133452438.00
2024-11-28,95954.95,96650.20,94677.35,95652.47,95652.47,52260008261.00
2024-11-29,95653.95,98693.17,95407.88,97461.52,97461.52,54968682476.00
2024-11-30,97468.81,97499.34,96144.22,96449.05,96449.05,31634227866.00
2024-12-01,96461.34,97888.13,95770.19,97279.79,97279.79,36590695296.00
2024-12-02,97276.01,98152.60,94482.87,95865.30,95865.30,72680784305.00
2024-12-03,95854.59,96297.20,93629.56,96002.16,96002.16,67067810961.00
2024-12-04,95988.53,99207.33,94660.52,98768.53,98768.53,77199817112.00
2024-12-05,98741.54,103900.47,91998.78,96593.57,96593.57,149218945580.00
2024-12-06,97074.23,102039.88,96514.88,99920.71,99920.71,94534772658.00
2024-12-07,99916.71,100563.38,99030.88,99923.34,99923.34,44177510897.00
2024-12-08,99921.91,101399.99,98771.52,101236.02,101236.02,44125751925.00
2024-12-09,101237.06,101272.51,94355.91,97432.72,97432.72,110676473908.00
2024-12-10,97441.23,98270.16,94321.26,96675.43,96675.43,104823780634.00
2024-12-11,96656.06,101913.36,95747.23,101173.03,101173.03,85391409936.00
2024-12-12,101167.80,102524.91,99339.95,100043.00,100043.00,72073983533.00
2024-12-13,100046.65,101888.80,99233.28,101459.26,101459.26,56894751583.00
2024-12-14,101451.44,102618.88,100634.05,101372.97,101372.97,40422968793.00
2024-12-15,101373.53,105047.54,101227.03,104298.70,104298.70,51145914137.00
2024-12-16,104293.58,107780.58,103322.98,106029.72,106029.72,91020417816.00
2024-12-17,106030.69,108268.45,105291.73,106140.60,106140.60,68589364868.00
2024-12-18,106147.30,106470.61,100041.54,100041.54,100041.54,93865656139.00
2024-12-19,100070.69,102748.15,95587.68,97490.95,97490.95,97221662392.00
2024-12-20,97484.70,98098.91,92175.18,97755.93,97755.93,105634083408.00
2024-12-21,97756.20,99507.10,96426.52,97224.73,97224.73,51765334294.00
2024-12-22,97218.32,97360.27,94202.19,95104.94,95104.94,43147981314.00
2024-12-23,95099.39,96416.21,92403.13,94686.24,94686.24,65239002919.00
2024-12-24,94684.34,99404.06,93448.02,98676.09,98676.09,47114953674.00
2024-12-25,98675.91,99478.75,97593.47,99299.20,99299.20,33700394629.00
2024-12-26,99297.70,99884.57,95137.88,95795.52,95795.52,47054980873.00
2024-12-27,95704.98,97294.84,93310.74,94164.86,94164.86,52419934565.00
2024-12-28,94160.19,95525.90,94014.29,95163.93,95163.93,24107436185.00
2024-12-29,95174.05,95174.88,92881.79,93530.23,93530.23,29635885267.00
2024-12-30,93527.20,94903.32,91317.13,92643.21,92643.21,56188003691.00
2024-12-31,92643.25,96090.60,91914.03,93429.20,93429.20,43625106843.00
2025-01-01,93425.10,94929.87,92788.13,94419.76,94419.76,24519888919.00
2025-01-02,94416.29,97739.82,94201.57,96886.88,96886.88,46009564411.00
2025-01-03,96881.73,98956.91,96034.62,98107.43,98107.43,35611391163.00
2025-01-04,98106.99,98734.43,97562.98,98236.23,98236.23,22342608078.00
2025-01-05,98233.91,98813.30,97291.77,98314.96,98314.96,20525254825.00
2025-01-06,98314.95,102482.88,97926.15,102078.09,102078.09,51823432705.00
2025-01-07,102248.85,102712.48,96132.88,96922.70,96922.70,58685738547.00
2025-01-08,96924.16,97258.32,92525.84,95043.52,95043.52,63875859171.00
2025-01-09,95043.48,95349.72,91220.84,92484.04,92484.04,62777261693.00
2025-01-10,92494.49,95770.61,92250.09,94701.45,94701.45,62058693684.00
2025-01-11,94700.84,94977.69,93840.05,94566.59,94566.59,18860894100.00
2025-01-12,94565.73,95367.54,93712.51,94488.44,94488.44,20885130965.00
2025-01-13,94488.89,95837.00,89260.10,94516.52,94516.52,72978998252.00
2025-01-14,94519.01,97352.66,94322.16,96534.05,96534.05,53769675818.00
2025-01-15,96534.05,100697.23,96501.64,100504.49,100504.49,57805923627.00
2025-01-16,100505.30,100781.59,97364.45,99756.91,99756.91,54103781805.00
2025-01-17,100025.77,105884.23,99948.91,104462.04,104462.04,71888972663.00
2025-01-18,104124.95,104913.20,102226.62,104408.07,104408.07,50445655726.00
2025-01-19,104411.29,106299.80,99570.53,101089.61,101089.61,76789928525.00
2025-01-20,101083.75,109114.88,99471.36,102016.66,102016.66,126279678351.00
2025-01-21,102052.58,107180.92,100103.95,106146.27,106146.27,88733878242.00
2025-01-22,106136.38,106294.34,103360.27,103653.07,103653.07,53878181052.00
2025-01-23,103657.67,106820.33,101257.80,103960.17,103960.17,104104515428.00
2025-01-24,103965.67,107098.55,102772.13,104819.48,104819.48,52388229265.00
2025-01-25,104824.03,105243.79,104120.38,104714.65,104714.65,23888996502.00
2025-01-26,104713.21,105438.65,102507.71,102682.50,102682.50,22543395879.00
2025-01-27,102680.30,103214.11,97795.94,102087.69,102087.69,89006608428.00
2025-01-28,102095.41,103730.82,100238.19,101332.48,101332.48,47180685494.00
2025-01-29,101317.52,104750.80,101283.82,103703.21,103703.21,47432049818.00
2025-01-30,103709.34,106418.77,103321.65,104735.30,104735.30,41915744521.00
2025-01-31,104737.56,106026.35,101543.88,102405.02,102405.02,45732764360.00
2025-02-01,102402.80,102755.73,100297.71,100655.91,100655.91,27757944848.00
2025-02-02,100661.54,101430.66,96216.08,97688.98,97688.98,63091816853.00
2025-02-03,97681.10,102514.17,91242.89,101405.42,101405.42,115400897748.00
2025-02-04,101398.72,101745.62,96208.11,97871.82,97871.82,73002130211.00
2025-02-05,97878.01,99113.21,96174.83,96615.45,96615.45,49125911241.00
2025-02-06,96610.64,99168.61,95707.35,96593.30,96593.30,45302471947.00
2025-02-07,96581.32,100154.14,95653.88,96529.09,96529.09,55741290456.00
2025-02-08,96533.26,96877.80,95702.49,96482.45,96482.45,22447526395.00
2025-02-09,96481.31,97325.28,94745.26,96500.09,96500.09,27732901800.00
2025-02-10,96499.46,98333.22,95320.84,97437.55,97437.55,40078962391.00
2025-02-11,97438.13,98492.90,94875.04,95747.43,95747.43,37488783272.00
2025-02-12,95745.70,98151.02,94101.20,97885.86,97885.86,49340445530.00
2025-02-13,97888.75,98111.09,95269.71,96623.87,96623.87,37147280860.00
2025-02-14,96623.37,98819.47,96342.80,97508.97,97508.97,32697987277.00
2025-02-15,97508.38,97975.04,97240.20,97580.35,97580.35,17047266288.00
2025-02-16,97580.49,97725.59,96060.98,96175.03,96175.03,16536755396.00
2025-02-17,96179.01,97032.23,95243.55,95773.38,95773.38,27336550690.00
2025-02-18,95773.81,96695.38,93388.84,95539.55,95539.55,37325720482.00
2025-02-19,95532.53,96855.59,95011.97,96635.61,96635.61,28990872862.00
2025-02-20,96632.68,98767.20,96442.67,98333.94,98333.94,31668022771.00
2025-02-21,98340.67,99497.97,94852.96,96125.55,96125.55,49608706470.00
2025-02-22,96134.20,96950.16,95765.34,96577.76,96577.76,18353824477.00
2025-02-23,96577.80,96671.88,95270.45,96273.92,96273.92,16999478976.00
2025-02-24,96277.96,96503.45,91371.74,91418.17,91418.17,44046480529.00
2025-02-25,91437.12,92511.08,86008.23,88736.17,88736.17,92139104128.00
2025-02-26,88638.89,89286.25,82131.90,84347.02,84347.02,64597492134.00
2025-02-27,84076.86,87000.78,83144.96,84704.23,84704.23,52659591954.00
2025-02-28,84705.63,85036.32,78248.91,84373.01,84373.01,83610570576.00
2025-03-01,84373.87,86522.30,83794.23,86031.91,86031.91,29190628396.00
2025-03-02,86036.26,95043.44,85040.21,94248.35,94248.35,58398341092.00
2025-03-03,94248.42,94429.75,85081.30,86065.67,86065.67,70072228536.00
2025-03-04,86064.07,88911.27,81529.24,87222.20,87222.20,68095241474.00
2025-03-05,87222.95,90998.24,86379.77,90623.56,90623.56,50498988027.00
2025-03-06,90622.36,92804.94,87852.14,89961.73,89961.73,47749810486.00
2025-03-07,89963.28,91191.05,84717.68,86742.67,86742.67,65945677657.00
2025-03-08,86742.66,86847.27,85247.48,86154.59,86154.59,18206118081.00
2025-03-09,86154.30,86471.13,80052.48,80601.04,80601.04,30899345977.00
2025-03-10,80597.15,83955.93,77420.59,78532.00,78532.00,54061099422.00
2025-03-11,78523.88,83577.76,76624.25,82862.21,82862.21,54702837196.00
2025-03-12,82857.38,84358.58,80635.25,83722.36,83722.36,40353484454.00
2025-03-13,83724.92,84301.70,79931.85,81066.70,81066.70,31412940153.00
2025-03-14,81066.99,85263.29,80797.56,83969.10,83969.10,29588112414.00
2025-03-15,83968.41,84672.67,83639.59,84343.11,84343.11,13650491277.00
2025-03-16,84333.32,85051.60,82017.91,82579.69,82579.69,21330270174.00
2025-03-17,82576.34,84725.33,82492.16,84075.69,84075.69,25092785558.00
2025-03-18,84075.72,84075.72,81179.99,82718.50,82718.50,24095774594.00
2025-03-19,82718.80,87021.19,82569.73,86854.23,86854.23,34931960257.00
2025-03-20,86872.95,87443.27,83647.20,84167.20,84167.20,29028988961.00
2025-03-21,84164.54,84782.27,83171.07,84043.24,84043.24,19030452299.00
2025-03-22,84046.26,84513.88,83674.78,83832.48,83832.48,9863214091.00
2025-03-23,83831.90,86094.78,83794.91,86054.38,86054.38,12594615537.00
2025-03-24,86070.93,88758.73,85541.20,87498.91,87498.91,34582604933.00
2025-03-25,87512.82,88542.40,86346.08,87471.70,87471.70,30005840049.00
2025-03-26,87460.23,88292.16,85861.45,86900.88,86900.88,26704046038.00
2025-03-27,86896.26,87786.73,85837.94,87177.10,87177.10,24413471941.00
2025-03-28,87185.23,87489.86,83557.64,84353.15,84353.15,34198619509.00
2025-03-29,84352.07,84567.34,81634.14,82597.59,82597.59,16969396135.00
2025-03-30,82596.98,83505.00,81573.25,82334.52,82334.52,14763760943.00
2025-03-31,82336.06,83870.13,81293.89,82548.91,82548.91,29004228247.00
2025-04-01,82551.92,85487.37,82429.36,85169.17,85169.17,28175650319.00
2025-04-02,85180.61,88466.95,82343.54,82485.71,82485.71,47584398470.00
2025-04-03,82487.48,83909.30,81282.10,83102.83,83102.83,36852112080.00
2025-04-04,83100.25,84696.15,81670.75,83843.80,83843.80,45157640207.00
2025-04-05,83844.70,84207.02,82377.73,83504.80,83504.80,14380803631.00
2025-04-06,83504.51,83704.72,77097.74,78214.48,78214.48,36294853736.00
2025-04-07,78221.34,81119.06,74436.68,79235.34,79235.34,91262424987.00
2025-04-08,79218.48,80823.89,76198.02,76271.95,76271.95,48314590749.00
2025-04-09,76273.56,83541.00,74589.67,82573.95,82573.95,84213627038.00
2025-04-10,82565.98,82700.93,78456.13,79626.14,79626.14,44718000633.00
2025-04-11,79625.05,84247.48,78936.32,83404.84,83404.84,41656778779.00
2025-04-12,83404.52,85856.19,82769.38,85287.11,85287.11,24258059104.00
2025-04-13,85279.47,86015.19,83027.01,83684.98,83684.98,28796984817.00
2025-04-14,83694.52,85785.00,83690.64,84542.39,84542.39,34090769777.00
2025-04-15,84539.70,86429.35,83598.82,83668.99,83668.99,28040322885.00
2025-04-16,83674.51,85428.28,83100.62,84033.87,84033.87,29617804112.00
2025-04-17,84030.67,85449.07,83749.75,84895.75,84895.75,21276866029.00
2025-04-18,84900.19,85095.05,84298.88,84450.80,84450.80,12728372364.00
2025-04-19,84450.87,85597.70,84353.46,85063.41,85063.41,15259300427.00
2025-04-20,85066.07,85306.38,83976.84,85174.30,85174.30,14664050812.00
2025-04-21,85171.54,88460.09,85143.84,87518.91,87518.91,41396190190.00
2025-04-22,87521.88,93817.38,87084.53,93441.89,93441.89,55899038456.00
2025-04-23,93427.59,94535.73,91962.96,93699.11,93699.11,41719568821.00
2025-04-24,93692.40,94016.20,91696.71,93943.80,93943.80,31483175315.00
2025-04-25,93954.25,95768.39,92898.59,94720.50,94720.50,40915232364.00
2025-04-26,94714.65,95251.36,93927.25,94646.93,94646.93,17612825123.00
2025-04-27,94660.91,95301.20,93665.40,93754.84,93754.84,18090367764.00
2025-04-28,93755.30,95598.49,92860.80,94978.75,94978.75,32363449569.00
2025-04-29,94981.86,95485.41,93796.63,94284.79,94284.79,25806129921.00
2025-04-30,94286.47,95249.32,92979.64,94207.31,94207.31,28344679831.00
2025-05-01,94212.86,97437.96,94153.63,96492.34,96492.34,32875889623.00
2025-05-02,96494.97,97905.90,96375.95,96910.07,96910.07,26421924677.00
2025-05-03,96904.63,96943.88,95821.29,95891.80,95891.80,15775154889.00
2025-05-04,95877.19,96318.92,94173.43,94315.98,94315.98,18198688416.00
2025-05-05,94319.56,95193.19,93566.27,94748.05,94748.05,25816260327.00
2025-05-06,94748.38,96889.18,93399.86,96802.48,96802.48,26551275827.00
2025-05-07,96800.20,97625.80,95829.34,97032.32,97032.32,76983822462.00
2025-05-08,97034.25,103969.54,96913.88,103241.46,103241.46,69895404397.00
2025-05-09,103239.13,104297.49,102343.09,102970.85,102970.85,58198593958.00
2025-05-10,102973.71,104961.77,102830.48,104696.33,104696.33,42276713994.00
2025-05-11,104701.07,104937.99,103364.74,104106.36,104106.36,46285517406.00
2025-05-12,104106.96,105747.45,100814.41,102812.95,102812.95,63250475404.00
2025-05-13,102812.49,104997.42,101515.09,104169.81,104169.81,52608876410.00
2025-05-14,104167.33,104303.56,102618.30,103539.41,103539.41,45956071155.00
2025-05-15,103538.83,104153.62,101440.81,103744.64,103744.64,50408241840.00
2025-05-16,103735.66,104533.48,103137.48,103489.29,103489.29,44386499364.00
2025-05-17,103489.29,103716.95,102659.18,103191.09,103191.09,37898552742.00
2025-05-18,103186.95,106597.17,103142.60,106446.01,106446.01,49887082058.00
2025-05-19,106430.53,107068.72,102112.69,105606.18,105606.18,61761126647.00
2025-05-20,105605.41,107307.12,104206.52,106791.09,106791.09,36515726122.00
2025-05-21,106791.31,110724.46,106127.23,109678.08,109678.08,78086364051.00
2025-05-22,109673.49,111970.17,109285.07,111673.28,111673.28,70157575642.00
2025-05-23,111679.36,111798.91,106841.30,107287.80,107287.80,67548133399.00
2025-05-24,107278.51,109454.52,106895.29,107791.16,107791.16,45903627163.00
2025-05-25,107802.27,109313.30,106683.38,109035.39,109035.39,47518041841.00
2025-05-26,109023.78,110376.88,108735.64,109440.37,109440.37,45950461571.00
2025-05-27,109440.41,110744.21,107609.55,108994.64,108994.64,57450176272.00
2025-05-28,108992.17,109298.29,106812.93,107802.33,107802.33,49155377493.00
2025-05-29,107795.57,108910.05,105374.40,105641.76,105641.76,56022752042.00
2025-05-30,105646.21,106308.95,103685.79,103998.57,103998.57,57655287183.00
2025-05-31,103994.72,104927.10,103136.12,104638.09,104638.09,38997843858.00
2025-06-01,104637.30,105884.55,103826.95,105652.10,105652.10,37397056873.00
2025-06-02,105649.81,105958.31,103727.55,105881.53,105881.53,45819706290.00
2025-06-03,105888.48,106813.58,104920.84,105432.47,105432.47,46196508367.00
2025-06-04,105434.37,105997.70,104232.70,104731.98,104731.98,44544857105.00
2025-06-05,104750.78,105936.69,100436.88,101575.95,101575.95,57479298400.00
2025-06-06,101574.37,105376.77,101169.57,104390.34,104390.34,48856653697.00
2025-06-07,104390.65,105972.76,103987.31,105615.63,105615.63,38365033776.00
2025-06-08,105617.51,106497.06,105075.33,105793.65,105793.65,36626232328.00
2025-06-09,105793.02,110561.42,105400.23,110294.10,110294.10,55903193732.00
2025-06-10,110295.69,110380.13,108367.71,110257.23,110257.23,54700101509.00
2025-06-11,110261.80,110384.22,108086.33,108686.63,108686.63,50842662052.00
2025-06-12,108685.91,108780.70,105785.69,105929.05,105929.05,54843867968.00
2025-06-13,105729.95,105729.95,103053.64,104677.16,104677.16,69609054208.00